Carrier Code,Date (MM/DD/YYYY),Flight Number,Tail Number,Destination Airport,Scheduled departure time,Actual departure time,Actual elapsed time (Minutes)
"UA","12/18/2022","0190","N45440","HNL","18:55","18:52","362"
"UA","12/18/2022","0221","N37507","MCO","23:08","23:06","292"
"UA","12/18/2022","0300","N771UA","HNL","13:10","13:13","356"
"UA","12/18/2022","0372","N76504","PHX","16:35","16:30","116"
"UA","12/18/2022","0436","N37523","BWI","22:59","22:58","298"
"UA","12/18/2022","0447","N69819","SEA","16:10","19:05","185"
"UA","12/18/2022","0451","N66841","ORD","14:00","14:08","257"
"UA","12/18/2022","0476","N778UA","ORD","23:55","00:08","242"
"UA","12/18/2022","0487","N69813","IAD","10:50","11:02","288"
"UA","12/18/2022","0505","N768UA","IAH","23:55","00:19","207"
"UA","12/18/2022","0568","N37532","DEN","10:35","11:32","142"
"UA","12/18/2022","0574","N802UA","SAT","18:32","19:54","189"
"UA","12/18/2022","0583","N27515","IAH","05:15","05:11","216"
"UA","12/18/2022","0605","","PDX","07:34","00:00","0"
"UA","12/18/2022","0611","N33264","SBA","10:50","11:28","63"
"UA","12/18/2022","0683","N468UA","EUG","19:00","19:33","96"
"UA","12/18/2022","0693","","ABQ","11:13","00:00","0"
"UA","12/18/2022","0729","N38479","ORD","16:44","16:43","231"
"UA","12/18/2022","0753","N402UA","ATL","10:45","10:51","272"
"UA","12/18/2022","0762","N37508","IAH","11:02","11:16","219"
"UA","12/18/2022","0793","N61881","ORD","08:30","08:49","241"
"UA","12/18/2022","1041","N61882","SAN","08:25","08:32","85"
"UA","12/18/2022","1049","N481UA","RNO","18:47","19:22","57"
"UA","12/18/2022","1082","N27526","LAX","16:35","16:53","88"
"UA","12/18/2022","1111","N76508","LIH","08:33","08:26","350"
"UA","12/18/2022","1115","N223UA","DEN","14:28","14:44","151"
"UA","12/18/2022","1124","","MCI","18:35","00:00","0"
"UA","12/18/2022","1167","N4888U","MSP","08:35","10:24","210"
"UA","12/18/2022","1175","N2332U","HNL","09:15","09:56","327"
"UA","12/18/2022","1200","N62894","LAX","18:45","18:42","87"
"UA","12/18/2022","1204","N451UA","PIT","22:18","22:42","285"
"UA","12/18/2022","1216","N61882","DEN","18:45","18:46","147"
"UA","12/18/2022","1248","N77871","ORD","06:30","06:31","241"
"UA","12/18/2022","1411","N57016","EWR","07:00","07:16","303"
"UA","12/18/2022","1428","N17133","EWR","14:30","14:36","322"
"UA","12/18/2022","1435","N27515","IAH","14:44","15:39","207"
"UA","12/18/2022","1442","N2534U","EWR","08:30","08:44","310"
"UA","12/18/2022","1509","N215UA","HNL","16:40","19:50","365"
"UA","12/18/2022","1513","N76504","SNA","10:57","11:09","92"
"UA","12/18/2022","1559","N64809","PDX","19:10","18:58","98"
"UA","12/18/2022","1594","N825UA","SNA","16:42","16:36","86"
"UA","12/18/2022","1620","N815UA","OMA","18:36","20:56","197"
"UA","12/18/2022","1665","N57111","BOS","23:30","23:55","337"
"UA","12/18/2022","1684","N76533","LIH","18:50","18:49","362"
"UA","12/18/2022","1721","N778UA","KOA","09:05","09:06","338"
"UA","12/18/2022","1723","N775UA","KOA","16:45","17:01","347"
"UA","12/18/2022","1745","N27015","IAH","13:06","15:38","227"
"UA","12/18/2022","1749","N214UA","OGG","16:59","16:51","375"
"UA","12/18/2022","1761","N68802","IAD","23:23","23:21","293"
"UA","12/18/2022","1770","N892UA","CMH","22:35","22:30","274"
"UA","12/18/2022","1788","N447UA","PSP","13:17","13:11","83"
"UA","12/18/2022","1823","N461UA","DEN","16:08","16:09","156"
"UA","12/18/2022","1825","N37507","DFW","13:25","13:26","203"
"UA","12/18/2022","1826","N776UA","DEN","08:40","08:44","149"
"UA","12/18/2022","1852","N212UA","OGG","09:05","09:13","339"
"UA","12/18/2022","1893","N37516","IND","22:59","23:23","248"
"UA","12/18/2022","1914","N212UA","ORD","22:55","23:07","232"
"UA","12/18/2022","1927","N69847","ORD","05:15","05:12","244"
"UA","12/18/2022","1942","N461UA","PDX","10:35","10:46","107"
"UA","12/18/2022","1947","N37542","ORD","18:13","18:41","230"
"UA","12/18/2022","1950","N78438","IAH","18:52","20:12","201"
"UA","12/18/2022","1953","N68821","SEA","20:05","21:45","130"
"UA","12/18/2022","1954","N87507","DCA","08:47","09:47","302"
"UA","12/18/2022","1986","N78511","SEA","08:25","08:25","128"
"UA","12/18/2022","2002","N30913","IAD","13:00","13:04","271"
"UA","12/18/2022","2005","N38479","BZN","09:00","09:07","124"
"UA","12/18/2022","2011","N37504","IAH","00:29","01:01","234"
"UA","12/18/2022","2027","N825UA","PHX","10:32","10:52","122"
"UA","12/18/2022","2032","N2737U","IAD","08:30","08:43","280"
"UA","12/18/2022","2034","N825UA","LAX","22:35","22:34","77"
"UA","12/18/2022","2035","N37513","RSW","13:15","13:10","298"
"UA","12/18/2022","2037","N57111","TPA","09:10","09:28","301"
"UA","12/18/2022","2041","N27503","SAN","13:05","18:06","83"
"UA","12/18/2022","2047","N498UA","SNA","18:53","18:44","87"
"UA","12/18/2022","2059","N12010","EWR","22:40","22:39","298"
"UA","12/18/2022","2097","N786UA","EWR","21:00","20:57","297"
"UA","12/18/2022","2102","N27503","TPA","22:50","22:53","292"
"UA","12/18/2022","2169","N471UA","PHX","19:10","19:38","109"
"UA","12/18/2022","2187","N14115","BOS","08:25","08:24","316"
"UA","12/18/2022","2247","N13110","IAD","22:35","22:39","296"
"UA","12/18/2022","2296","N69819","IAH","07:47","09:00","215"
"UA","12/18/2022","2319","N13113","EWR","10:45","11:19","325"
"UA","12/18/2022","2327","N76265","AUS","23:59","23:59","230"
"UA","12/18/2022","2329","N57870","LAS","08:25","08:25","93"
"UA","12/18/2022","2337","N37540","BOS","12:55","13:58","313"
"UA","12/18/2022","2341","N21108","BOS","10:45","11:14","329"
"UA","12/18/2022","2356","N492UA","AUS","16:35","16:32","196"
"UA","12/18/2022","2366","N38424","LAS","22:35","22:38","96"
"UA","12/18/2022","2368","N77530","DEN","12:55","12:55","139"
"UA","12/18/2022","2377","N57439","DEN","06:44","06:40","144"
"UA","12/18/2022","2380","N78013","HNL","10:55","11:20","352"
"UA","12/18/2022","2384","N37263","CLE","23:01","23:06","264"
"UA","12/18/2022","2396","N68843","BNA","11:06","12:49","240"
"UA","12/18/2022","2412","N878UA","DFW","10:30","10:29","217"
"UA","12/18/2022","2419","N224UA","EWR","12:00","12:09","306"
"UA","12/18/2022","2423","N2135U","EWR","23:50","00:01","290"
"UA","12/18/2022","2426","N75851","DEN","05:00","04:59","149"
"UA","12/18/2022","2447","N816UA","EUG","10:40","10:45","95"
"UA","12/18/2022","2451","N78438","IAH","09:08","10:32","210"
"UA","12/18/2022","2458","N37263","LAS","16:50","16:47","86"
"UA","12/18/2022","2464","N62884","LAX","10:35","10:49","87"
"UA","12/18/2022","2481","N815UA","LAX","13:30","13:30","78"
"UA","12/18/2022","2482","N37528","FLL","22:53","23:14","313"
"UA","12/18/2022","2484","N793UA","MCO","09:00","09:11","289"
"UA","12/18/2022","2600","N37528","MIA","08:50","08:57","322"
"UA","12/18/2022","2602","N804UA","PDX","16:55","16:48","101"
"UA","12/18/2022","2612","N37534","SEA","12:43","14:01","131"
"UA","12/18/2022","2617","N440UA","LAX","08:25","08:23","81"
"UA","12/18/2022","2623","N77510","OGG","11:13","11:27","393"
"UA","12/18/2022","2626","N62884","IAD","16:10","16:10","276"
"UA","12/18/2022","2628","N844UA","PSP","08:35","10:43","102"
"UA","12/18/2022","2630","N76504","PHL","23:04","22:59","301"
"UA","12/18/2022","2640","N66897","ORD","10:36","12:00","234"
"UA","12/18/2022","2641","N35204","SAN","18:45","18:53","96"
"UA","12/18/2022","2644","N81449","RDU","09:10","10:00","278"
"UA","12/18/2022","2655","N27520","MSY","10:35","10:34","233"
"UA","12/18/2022","2656","N73445","SAN","22:35","22:29","93"
"UA","12/18/2022","2678","N61882","LAS","13:09","13:38","119"
"UA","12/18/2022","2680","N35204","SNA","13:25","13:26","84"
"UA","12/18/2022","2682","N822UA","BUR","10:45","11:02","72"
"UA","12/19/2022","0190","N37513","HNL","18:55","18:55","333"
"UA","12/19/2022","0221","N37540","MCO","23:08","23:01","317"
"UA","12/19/2022","0300","N213UA","HNL","13:10","15:05","337"
"UA","12/19/2022","0372","N14237","PHX","16:35","16:33","107"
"UA","12/19/2022","0436","N27515","BWI","22:59","23:02","314"
"UA","12/19/2022","0447","N469UA","SEA","16:31","17:36","131"
"UA","12/19/2022","0451","N68843","ORD","14:00","13:57","245"
"UA","12/19/2022","0476","N773UA","ORD","23:55","00:04","230"
"UA","12/19/2022","0487","N27520","IAD","10:50","10:48","293"
"UA","12/19/2022","0505","N775UA","IAH","23:55","00:12","222"
"UA","12/19/2022","0568","N37413","DEN","11:00","11:33","143"
"UA","12/19/2022","0574","N807UA","SAT","18:32","18:22","193"
"UA","12/19/2022","0583","N69810","IAH","05:15","05:06","227"
"UA","12/19/2022","0605","N402UA","PDX","07:34","07:26","104"
"UA","12/19/2022","0611","N76265","SBA","10:50","11:28","63"
"UA","12/19/2022","0683","N486UA","EUG","19:00","18:53","93"
"UA","12/19/2022","0693","N807UA","ABQ","11:13","11:06","148"
"UA","12/19/2022","0729","N69810","ORD","16:44","16:35","233"
"UA","12/19/2022","0753","N38446","ATL","10:45","10:43","260"
"UA","12/19/2022","0762","N69840","IAH","11:02","11:05","241"
"UA","12/19/2022","0793","N66841","ORD","08:30","08:27","238"
"UA","12/19/2022","1041","N68843","SAN","08:25","08:22","82"
"UA","12/19/2022","1049","N809UA","RNO","18:47","19:42","60"
"UA","12/19/2022","1082","N47517","LAX","16:10","16:03","91"
"UA","12/19/2022","1111","N87513","LIH","08:33","08:47","393"
"UA","12/19/2022","1115","N61887","DEN","14:28","14:32","143"
"UA","12/19/2022","1124","N493UA","MCI","18:35","18:49","195"
"UA","12/19/2022","1167","N892UA","MSP","08:35","11:00","204"
"UA","12/19/2022","1175","N2341U","HNL","09:15","09:15","357"
"UA","12/19/2022","1200","N66828","LAX","18:45","18:45","83"
"UA","12/19/2022","1204","N441UA","PIT","22:18","22:39","283"
"UA","12/19/2022","1216","N69813","DEN","18:45","18:40","136"
"UA","12/19/2022","1248","N57864","ORD","06:30","06:27","240"
"UA","12/19/2022","1273","N78509","OGG","11:13","11:36","0"
"UA","12/19/2022","1411","N78013","EWR","07:00","06:56","311"
"UA","12/19/2022","1428","N14115","EWR","14:30","14:23","308"
"UA","12/19/2022","1435","N62883","IAH","14:44","14:35","220"
"UA","12/19/2022","1442","N2749U","EWR","08:30","08:30","317"
"UA","12/19/2022","1509","N211UA","HNL","16:40","19:40","320"
"UA","12/19/2022","1513","N14237","SNA","10:57","10:57","90"
"UA","12/19/2022","1559","N37470","PDX","19:10","19:07","95"
"UA","12/19/2022","1594","","SNA","16:42","00:00","0"
"UA","12/19/2022","1620","N892UA","OMA","18:36","20:53","188"
"UA","12/19/2022","1665","N21108","BOS","23:30","23:46","320"
"UA","12/19/2022","1684","N77510","LIH","18:50","19:09","356"
"UA","12/19/2022","1721","N775UA","KOA","09:05","09:05","345"
"UA","12/19/2022","1723","N210UA","KOA","16:45","17:33","379"
"UA","12/19/2022","1745","N66831","IAH","13:06","13:09","221"
"UA","12/19/2022","1749","N780UA","OGG","16:59","17:04","379"
"UA","12/19/2022","1761","N61886","IAD","23:23","00:12","288"
"UA","12/19/2022","1770","N469UA","CMH","22:35","23:49","262"
"UA","12/19/2022","1788","","PSP","13:17","00:00","0"
"UA","12/19/2022","1823","N471UA","DEN","16:08","16:48","151"
"UA","12/19/2022","1825","N37540","DFW","13:25","13:25","192"
"UA","12/19/2022","1826","N774UA","DEN","08:40","08:40","157"
"UA","12/19/2022","1852","N214UA","OGG","09:05","09:15","342"
"UA","12/19/2022","1893","N68805","IND","22:59","22:55","256"
"UA","12/19/2022","1914","N214UA","ORD","22:55","23:22","245"
"UA","12/19/2022","1927","N62896","ORD","05:15","05:07","247"
"UA","12/19/2022","1942","N471UA","PDX","10:45","10:41","103"
"UA","12/19/2022","1947","N37542","ORD","18:13","18:05","229"
"UA","12/19/2022","1950","N37422","IAH","18:52","18:47","213"
"UA","12/19/2022","1953","N27511","SEA","20:05","20:00","138"
"UA","12/19/2022","1954","N76533","DCA","08:47","08:50","304"
"UA","12/19/2022","1986","N87507","SEA","08:25","08:33","158"
"UA","12/19/2022","1997","N77510","AUS","08:43","08:46","217"
"UA","12/19/2022","2002","N26902","IAD","13:00","13:03","275"
"UA","12/19/2022","2005","N498UA","BZN","09:26","09:24","132"
"UA","12/19/2022","2011","N62894","IAH","00:29","00:50","212"
"UA","12/19/2022","2027","N802UA","PHX","10:32","10:43","112"
"UA","12/19/2022","2032","N2136U","IAD","08:30","08:30","297"
"UA","12/19/2022","2034","N75429","LAX","22:35","22:32","108"
"UA","12/19/2022","2035","N37528","RSW","13:15","13:12","300"
"UA","12/19/2022","2037","N13113","TPA","09:10","09:14","303"
"UA","12/19/2022","2041","N37513","SAN","12:58","13:01","82"
"UA","12/19/2022","2047","N481UA","SNA","18:53","18:54","87"
"UA","12/19/2022","2059","N12003","EWR","22:40","22:39","308"
"UA","12/19/2022","2097","N799UA","EWR","21:00","20:59","286"
"UA","12/19/2022","2102","N27526","TPA","22:50","22:47","299"
"UA","12/19/2022","2169","N447UA","PHX","19:10","21:31","111"
"UA","12/19/2022","2187","N21108","BOS","08:25","08:31","329"
"UA","12/19/2022","2247","N13113","IAD","22:35","22:32","300"
"UA","12/19/2022","2296","N45440","IAH","07:47","07:49","220"
"UA","12/19/2022","2319","N12125","EWR","10:45","10:48","333"
"UA","12/19/2022","2327","N26215","AUS","23:59","00:07","198"
"UA","12/19/2022","2329","N69885","LAS","08:47","08:47","98"
"UA","12/19/2022","2337","N37507","BOS","12:55","12:49","313"
"UA","12/19/2022","2341","N33103","BOS","10:45","10:42","327"
"UA","12/19/2022","2356","N473UA","AUS","16:35","16:31","188"
"UA","12/19/2022","2366","N73445","LAS","22:35","22:42","85"
"UA","12/19/2022","2368","N79541","DEN","12:55","12:51","143"
"UA","12/19/2022","2377","N69819","DEN","06:34","06:26","152"
"UA","12/19/2022","2380","N27015","HNL","10:55","11:13","357"
"UA","12/19/2022","2384","N27205","CLE","23:01","23:08","286"
"UA","12/19/2022","2396","N27526","BNA","11:06","11:08","259"
"UA","12/19/2022","2412","N815UA","DFW","10:30","10:39","205"
"UA","12/19/2022","2419","N795UA","EWR","12:00","12:07","308"
"UA","12/19/2022","2423","N2136U","EWR","23:50","23:50","299"
"UA","12/19/2022","2426","N75853","DEN","05:00","04:56","145"
"UA","12/19/2022","2447","N877UA","EUG","10:40","10:39","91"
"UA","12/19/2022","2451","N27511","IAH","09:08","09:07","230"
"UA","12/19/2022","2458","N27205","LAS","16:50","16:55","90"
"UA","12/19/2022","2464","N37516","LAX","10:35","10:30","83"
"UA","12/19/2022","2481","N14230","LAX","13:30","13:25","77"
"UA","12/19/2022","2482","N38446","FLL","22:53","00:12","324"
"UA","12/19/2022","2484","N793UA","MCO","09:00","09:27","292"
"UA","12/19/2022","2600","N27515","MIA","08:37","08:29","315"
"UA","12/19/2022","2602","N802UA","PDX","16:55","18:01","104"
"UA","12/19/2022","2612","N37523","SEA","12:43","12:40","120"
"UA","12/19/2022","2617","N466UA","LAX","08:25","10:34","85"
"UA","12/19/2022","2626","N37536","IAD","16:52","16:45","291"
"UA","12/19/2022","2628","N841UA","PSP","08:35","09:29","82"
"UA","12/19/2022","2630","N14237","PHL","23:04","22:59","319"
"UA","12/19/2022","2640","N75851","ORD","10:36","10:40","241"
"UA","12/19/2022","2641","N76504","SAN","18:45","18:56","123"
"UA","12/19/2022","2644","N73445","RDU","09:10","09:11","289"
"UA","12/19/2022","2655","N37525","MSY","10:35","10:25","258"
"UA","12/19/2022","2656","N37531","SAN","22:35","22:45","92"
"UA","12/19/2022","2678","N76504","LAS","13:09","13:05","90"
"UA","12/19/2022","2680","N498UA","SNA","13:25","15:55","96"
"UA","12/19/2022","2682","N4888U","BUR","10:45","12:46","92"
"UA","12/20/2022","0190","N37422","HNL","18:55","19:12","345"
"UA","12/20/2022","0221","N38446","MCO","23:08","00:30","293"
"UA","12/20/2022","0300","N219UA","HNL","13:10","13:16","341"
"UA","12/20/2022","0372","N33286","PHX","16:35","16:28","107"
"UA","12/20/2022","0436","N47517","BWI","22:59","22:56","310"
"UA","12/20/2022","0447","N471UA","SEA","16:31","16:34","138"
"UA","12/20/2022","0451","N73445","ORD","14:00","13:56","254"
"UA","12/20/2022","0476","N210UA","ORD","23:55","00:01","232"
"UA","12/20/2022","0487","N37536","IAD","10:50","10:45","287"
"UA","12/20/2022","0505","N780UA","IAH","23:55","23:59","204"
"UA","12/20/2022","0568","N67845","DEN","11:00","11:07","165"
"UA","12/20/2022","0574","N846UA","SAT","18:32","18:31","191"
"UA","12/20/2022","0583","N64844","IAH","05:15","05:05","238"
"UA","12/20/2022","0605","N840UA","PDX","07:34","07:33","109"
"UA","12/20/2022","0611","N26215","SBA","10:50","10:44","62"
"UA","12/20/2022","0683","N407UA","EUG","19:00","19:03","88"
"UA","12/20/2022","0693","N803UA","ABQ","11:13","12:50","147"
"UA","12/20/2022","0729","N67815","ORD","16:44","16:39","231"
"UA","12/20/2022","0753","N75436","ATL","10:45","10:41","262"
"UA","12/20/2022","0762","N67846","IAH","11:02","11:07","213"
"UA","12/20/2022","0793","N37465","ORD","08:30","08:29","237"
"UA","12/20/2022","1041","N73445","SAN","08:25","08:30","84"
"UA","12/20/2022","1049","N447UA","RNO","18:47","19:14","54"
"UA","12/20/2022","1082","N37514","LAX","16:10","16:04","81"
"UA","12/20/2022","1111","N77510","LIH","08:33","08:50","340"
"UA","12/20/2022","1115","N62894","DEN","14:28","14:46","137"
"UA","12/20/2022","1124","N443UA","MCI","18:35","18:35","188"
"UA","12/20/2022","1167","N831UA","MSP","08:35","10:04","204"
"UA","12/20/2022","1175","N2140U","HNL","09:15","10:03","362"
"UA","12/20/2022","1200","N61881","LAX","18:45","18:51","87"
"UA","12/20/2022","1204","N494UA","PIT","22:18","22:17","274"
"UA","12/20/2022","1216","N27421","DEN","18:45","18:39","143"
"UA","12/20/2022","1248","N75854","ORD","06:30","06:23","238"
"UA","12/20/2022","1273","N87527","OGG","11:13","11:17","338"
"UA","12/20/2022","1411","N27015","EWR","07:00","07:00","312"
"UA","12/20/2022","1428","N14118","EWR","14:30","14:25","311"
"UA","12/20/2022","1435","N66837","IAH","14:44","14:40","212"
"UA","12/20/2022","1442","N2251U","EWR","08:30","09:42","302"
"UA","12/20/2022","1509","N781UA","HNL","16:40","16:51","335"
"UA","12/20/2022","1513","N33286","SNA","10:57","10:53","85"
"UA","12/20/2022","1559","N27515","PDX","19:10","19:10","112"
"UA","12/20/2022","1594","N438UA","SNA","16:42","16:37","83"
"UA","12/20/2022","1620","N803UA","OMA","18:36","19:30","180"
"UA","12/20/2022","1665","N34137","BOS","23:30","23:49","324"
"UA","12/20/2022","1684","N76522","LIH","18:50","21:25","342"
"UA","12/20/2022","1721","N2644U","KOA","09:05","09:10","342"
"UA","12/20/2022","1723","N779UA","KOA","16:45","16:50","324"
"UA","12/20/2022","1745","N62849","IAH","13:06","13:11","224"
"UA","12/20/2022","1749","N213UA","OGG","16:59","17:22","321"
"UA","12/20/2022","1761","N75436","IAD","23:23","23:28","306"
"UA","12/20/2022","1770","N438UA","CMH","22:35","22:33","257"
"UA","12/20/2022","1788","N846UA","PSP","13:17","13:30","78"
"UA","12/20/2022","1823","N481UA","DEN","16:08","16:04","148"
"UA","12/20/2022","1825","N37518","DFW","13:25","13:35","192"
"UA","12/20/2022","1826","N776UA","DEN","08:40","09:59","137"
"UA","12/20/2022","1852","N210UA","OGG","09:05","09:02","336"
"UA","12/20/2022","1893","N68880","IND","22:59","23:20","242"
"UA","12/20/2022","1914","N211UA","ORD","22:55","23:43","231"
"UA","12/20/2022","1927","N39461","ORD","05:15","05:08","230"
"UA","12/20/2022","1942","N471UA","PDX","10:45","11:01","112"
"UA","12/20/2022","1947","N37531","ORD","18:13","18:14","229"
"UA","12/20/2022","1950","N69818","IAH","18:52","18:50","209"
"UA","12/20/2022","1953","N27511","SEA","20:05","20:05","156"
"UA","12/20/2022","1954","N76508","DCA","08:47","08:42","301"
"UA","12/20/2022","1986","N87512","SEA","08:25","08:21","169"
"UA","12/20/2022","1997","N76533","AUS","08:43","09:13","203"
"UA","12/20/2022","2002","N45905","IAD","13:00","13:45","276"
"UA","12/20/2022","2005","N481UA","BZN","09:26","09:20","134"
"UA","12/20/2022","2011","N66831","IAH","00:29","00:39","227"
"UA","12/20/2022","2027","N438UA","PHX","10:32","10:28","103"
"UA","12/20/2022","2032","N2645U","IAD","08:30","08:32","287"
"UA","12/20/2022","2034","N76519","LAX","22:35","22:34","77"
"UA","12/20/2022","2037","N33103","TPA","09:10","09:12","296"
"UA","12/20/2022","2041","N27515","SAN","12:58","13:03","79"
"UA","12/20/2022","2047","N484UA","SNA","18:53","19:57","76"
"UA","12/20/2022","2059","N12005","EWR","22:40","22:48","306"
"UA","12/20/2022","2097","N798UA","EWR","21:00","21:04","294"
"UA","12/20/2022","2102","N37513","TPA","22:50","22:54","300"
"UA","12/20/2022","2169","N409UA","PHX","19:10","20:52","109"
"UA","12/20/2022","2187","N34137","BOS","08:25","08:23","311"
"UA","12/20/2022","2247","N33103","IAD","22:35","22:48","291"
"UA","12/20/2022","2296","N69829","IAH","07:47","07:42","219"
"UA","12/20/2022","2319","N34131","EWR","10:45","11:05","312"
"UA","12/20/2022","2327","N38257","AUS","23:59","00:14","208"
"UA","12/20/2022","2329","N39416","LAS","08:47","08:49","84"
"UA","12/20/2022","2337","N37540","BOS","12:55","12:51","309"
"UA","12/20/2022","2341","N58101","BOS","10:45","11:15","319"
"UA","12/20/2022","2356","N459UA","AUS","16:35","16:30","196"
"UA","12/20/2022","2366","N66831","LAS","22:35","22:49","96"
"UA","12/20/2022","2368","N78540","DEN","12:55","12:50","141"
"UA","12/20/2022","2377","N37523","DEN","06:34","06:27","158"
"UA","12/20/2022","2380","N788UA","HNL","10:55","11:54","360"
"UA","12/20/2022","2384","N12238","CLE","23:01","23:01","278"
"UA","12/20/2022","2396","N47517","BNA","11:06","11:07","266"
"UA","12/20/2022","2412","N469UA","DFW","10:30","11:09","200"
"UA","12/20/2022","2419","N229UA","EWR","12:00","12:21","371"
"UA","12/20/2022","2423","N2142U","EWR","23:50","00:04","300"
"UA","12/20/2022","2426","N75861","DEN","05:00","05:05","149"
"UA","12/20/2022","2447","N807UA","EUG","10:40","10:33","98"
"UA","12/20/2022","2451","N27511","IAH","09:08","09:04","219"
"UA","12/20/2022","2458","N24211","LAS","16:50","17:01","82"
"UA","12/20/2022","2464","N68805","LAX","10:35","10:47","92"
"UA","12/20/2022","2481","N76517","LAX","13:30","13:25","79"
"UA","12/20/2022","2482","N37523","FLL","22:53","22:50","312"
"UA","12/20/2022","2484","N793UA","MCO","09:00","09:07","304"
"UA","12/20/2022","2600","N37513","MIA","08:37","08:39","328"
"UA","12/20/2022","2602","N880UA","PDX","16:55","16:59","104"
"UA","12/20/2022","2612","N38446","SEA","12:43","13:50","127"
"UA","12/20/2022","2617","N486UA","LAX","08:25","08:26","74"
"UA","12/20/2022","2626","N27520","IAD","16:52","16:44","285"
"UA","12/20/2022","2628","N809UA","PSP","08:35","08:28","93"
"UA","12/20/2022","2630","N33286","PHL","23:04","23:03","315"
"UA","12/20/2022","2640","N75853","ORD","10:36","10:37","239"
"UA","12/20/2022","2641","N24211","SAN","18:45","21:33","88"
"UA","12/20/2022","2644","N62884","RDU","09:10","09:10","302"
"UA","12/20/2022","2655","N37527","MSY","10:35","10:28","230"
"UA","12/20/2022","2656","N69888","SAN","22:35","22:45","79"
"UA","12/20/2022","2678","N14237","LAS","13:09","13:01","99"
"UA","12/20/2022","2680","N407UA","SNA","13:25","13:15","78"
"UA","12/20/2022","2682","N892UA","BUR","10:45","10:56","72"
"UA","12/21/2022","0190","N37523","HNL","18:55","18:55","362"
"UA","12/21/2022","0221","N47517","MCO","23:08","23:05","297"
"UA","12/21/2022","0300","N210UA","HNL","13:10","13:10","385"
"UA","12/21/2022","0372","N73259","PHX","16:35","16:40","115"
"UA","12/21/2022","0436","N37514","BWI","22:59","23:00","285"
"UA","12/21/2022","0447","N494UA","SEA","16:31","16:29","141"
"UA","12/21/2022","0451","N61881","ORD","14:00","13:58","246"
"UA","12/21/2022","0476","N775UA","ORD","23:55","00:49","235"
"UA","12/21/2022","0487","N27520","IAD","10:50","10:48","292"
"UA","12/21/2022","0505","N779UA","IAH","23:55","00:27","200"
"UA","12/21/2022","0568","N27519","DEN","11:00","11:01","153"
"UA","12/21/2022","0574","N822UA","SAT","18:32","18:32","188"
"UA","12/21/2022","0583","N68802","IAH","05:15","05:08","234"
"UA","12/21/2022","0605","N842UA","PDX","07:34","07:41","103"
"UA","12/21/2022","0611","N18220","SBA","10:50","11:05","70"
"UA","12/21/2022","0683","N460UA","EUG","19:00","19:04","101"
"UA","12/21/2022","0693","N837UA","ABQ","11:13","11:36","128"
"UA","12/21/2022","0729","N68802","ORD","16:44","16:56","245"
"UA","12/21/2022","0733","N68822","DEN","20:29","20:26","191"
"UA","12/21/2022","0753","N68823","ATL","10:45","10:43","270"
"UA","12/21/2022","0762","N62849","IAH","11:02","11:13","221"
"UA","12/21/2022","0793","N68836","ORD","08:30","08:23","255"
"UA","12/21/2022","1041","N61881","SAN","08:25","08:21","79"
"UA","12/21/2022","1049","N831UA","RNO","18:47","18:56","59"
"UA","12/21/2022","1082","N75429","LAX","16:10","16:03","78"
"UA","12/21/2022","1111","N87527","LIH","08:33","08:30","357"
"UA","12/21/2022","1115","N77431","DEN","14:28","14:42","147"
"UA","12/21/2022","1124","N414UA","MCI","18:35","18:31","203"
"UA","12/21/2022","1167","","MSP","08:35","00:00","0"
"UA","12/21/2022","1175","N2243U","HNL","09:15","09:15","332"
"UA","12/21/2022","1200","N37528","LAX","18:45","18:46","81"
"UA","12/21/2022","1204","N475UA","PIT","22:18","22:16","281"
"UA","12/21/2022","1216","N37468","DEN","18:45","18:48","160"
"UA","12/21/2022","1248","N75853","ORD","06:30","06:28","240"
"UA","12/21/2022","1273","N76523","OGG","11:13","11:19","342"
"UA","12/21/2022","1411","N78004","EWR","07:00","06:55","301"
"UA","12/21/2022","1428","N19130","EWR","14:30","14:26","331"
"UA","12/21/2022","1435","N81449","IAH","14:44","15:04","203"
"UA","12/21/2022","1442","N2341U","EWR","08:30","08:28","304"
"UA","12/21/2022","1509","N219UA","HNL","16:40","16:42","323"
"UA","12/21/2022","1513","N38257","SNA","10:57","10:54","88"
"UA","12/21/2022","1559","N37419","PDX","19:10","19:04","103"
"UA","12/21/2022","1594","","SNA","16:42","00:00","0"
"UA","12/21/2022","1620","N803UA","OMA","18:36","06:52","190"
"UA","12/21/2022","1665","N58101","BOS","23:30","23:34","328"
"UA","12/21/2022","1684","N76508","LIH","18:50","18:45","342"
"UA","12/21/2022","1721","N779UA","KOA","09:05","09:02","324"
"UA","12/21/2022","1723","N777UA","KOA","16:45","17:07","320"
"UA","12/21/2022","1745","N33264","IAH","13:06","13:06","227"
"UA","12/21/2022","1749","N773UA","OGG","16:59","17:04","324"
"UA","12/21/2022","1761","N62849","IAD","23:23","23:27","284"
"UA","12/21/2022","1770","N875UA","CMH","22:35","22:27","269"
"UA","12/21/2022","1788","N822UA","PSP","13:17","13:10","84"
"UA","12/21/2022","1823","N484UA","DEN","16:08","16:08","153"
"UA","12/21/2022","1825","N47517","DFW","13:25","13:26","190"
"UA","12/21/2022","1826","N215UA","DEN","08:40","08:45","141"
"UA","12/21/2022","1852","N213UA","OGG","09:05","09:05","332"
"UA","12/21/2022","1893","N69888","IND","22:59","23:12","238"
"UA","12/21/2022","1914","N213UA","ORD","22:55","23:16","241"
"UA","12/21/2022","1927","N38459","ORD","05:15","05:12","254"
"UA","12/21/2022","1942","N494UA","PDX","10:45","10:42","107"
"UA","12/21/2022","1947","N38454","ORD","18:13","18:19","233"
"UA","12/21/2022","1950","N62884","IAH","18:52","18:48","217"
"UA","12/21/2022","1953","N37422","SEA","20:05","19:56","178"
"UA","12/21/2022","1954","N76533","DCA","08:47","08:45","292"
"UA","12/21/2022","1986","N76522","SEA","08:25","09:50","122"
"UA","12/21/2022","1997","N76508","AUS","08:43","08:40","203"
"UA","12/21/2022","2002","N782UA","IAD","13:00","13:30","279"
"UA","12/21/2022","2005","N484UA","BZN","09:26","09:22","134"
"UA","12/21/2022","2011","N62884","IAH","00:29","00:29","204"
"UA","12/21/2022","2027","N803UA","PHX","10:32","10:39","118"
"UA","12/21/2022","2032","","IAD","08:30","00:00","0"
"UA","12/21/2022","2034","N76519","LAX","22:35","22:36","70"
"UA","12/21/2022","2035","N27503","RSW","13:15","13:16","294"
"UA","12/21/2022","2037","N17104","TPA","09:10","09:46","291"
"UA","12/21/2022","2041","N37523","SAN","12:58","12:53","81"
"UA","12/21/2022","2047","N455UA","SNA","18:53","18:56","94"
"UA","12/21/2022","2059","N12003","EWR","22:40","22:45","294"
"UA","12/21/2022","2097","N223UA","EWR","21:00","21:14","288"
"UA","12/21/2022","2102","N77544","TPA","22:50","22:48","289"
"UA","12/21/2022","2169","N402UA","PHX","19:10","19:09","135"
"UA","12/21/2022","2187","N58101","BOS","08:25","08:22","322"
"UA","12/21/2022","2247","N14118","IAD","22:35","00:59","299"
"UA","12/21/2022","2296","N38479","IAH","07:47","07:49","217"
"UA","12/21/2022","2319","N17105","EWR","10:45","10:44","359"
"UA","12/21/2022","2327","N77296","AUS","23:59","01:16","185"
"UA","12/21/2022","2329","N66831","LAS","08:47","08:41","84"
"UA","12/21/2022","2337","N37540","BOS","12:55","13:05","310"
"UA","12/21/2022","2341","N21108","BOS","10:45","11:17","341"
"UA","12/21/2022","2356","N489UA","AUS","16:35","16:56","192"
"UA","12/21/2022","2366","N62889","LAS","22:35","22:34","81"
"UA","12/21/2022","2368","N76528","DEN","12:55","13:02","140"
"UA","12/21/2022","2377","N78509","DEN","06:34","06:39","160"
"UA","12/21/2022","2380","N228UA","HNL","10:55","11:02","345"
"UA","12/21/2022","2384","N38257","CLE","23:01","22:56","275"
"UA","12/21/2022","2396","N37514","BNA","11:06","11:14","248"
"UA","12/21/2022","2412","N476UA","DFW","10:30","10:58","196"
"UA","12/21/2022","2419","N791UA","EWR","12:00","12:26","299"
"UA","12/21/2022","2423","N2645U","EWR","23:50","00:01","297"
"UA","12/21/2022","2426","N66837","DEN","05:00","05:00","139"
"UA","12/21/2022","2447","N409UA","EUG","10:40","10:58","98"
"UA","12/21/2022","2451","N37422","IAH","09:08","09:08","223"
"UA","12/21/2022","2458","N38257","LAS","16:50","16:44","87"
"UA","12/21/2022","2464","N68880","LAX","10:35","10:33","74"
"UA","12/21/2022","2481","N76517","LAX","13:30","13:33","76"
"UA","12/21/2022","2482","N27511","FLL","22:53","23:17","295"
"UA","12/21/2022","2484","N793UA","MCO","09:00","08:58","299"
"UA","12/21/2022","2600","N27511","MIA","08:37","08:38","304"
"UA","12/21/2022","2602","N892UA","PDX","16:55","16:52","102"
"UA","12/21/2022","2612","N38446","SEA","12:43","13:06","127"
"UA","12/21/2022","2617","N447UA","LAX","08:25","08:26","75"
"UA","12/21/2022","2626","N47505","IAD","16:52","16:46","284"
"UA","12/21/2022","2628","N471UA","PSP","08:35","08:30","86"
"UA","12/21/2022","2630","N73259","PHL","23:04","23:05","309"
"UA","12/21/2022","2640","N75861","ORD","10:36","10:36","248"
"UA","12/21/2022","2641","N33286","SAN","18:45","18:40","86"
"UA","12/21/2022","2644","N69888","RDU","09:10","09:04","288"
"UA","12/21/2022","2655","N37507","MSY","10:35","10:29","224"
"UA","12/21/2022","2656","N77430","SAN","22:35","23:57","84"
"UA","12/21/2022","2678","N33286","LAS","13:09","13:15","83"
"UA","12/21/2022","2680","N460UA","SNA","13:25","13:22","77"
"UA","12/21/2022","2682","N846UA","BUR","10:45","10:48","65"
"UA","12/22/2022","0190","N37514","HNL","18:55","19:04","371"
"UA","12/22/2022","0221","N47517","MCO","23:08","23:05","287"
"UA","12/22/2022","0300","N778UA","HNL","13:10","13:24","318"
"UA","12/22/2022","0372","N14242","PHX","16:35","16:27","115"
"UA","12/22/2022","0436","N37528","BWI","22:59","23:04","286"
"UA","12/22/2022","0447","N414UA","SEA","16:31","17:51","124"
"UA","12/22/2022","0451","N37541","ORD","14:00","14:05","322"
"UA","12/22/2022","0476","N211UA","ORD","23:55","23:53","226"
"UA","12/22/2022","0487","N37536","IAD","10:50","10:53","293"
"UA","12/22/2022","0505","N780UA","IAH","23:55","23:52","202"
"UA","12/22/2022","0568","N68836","DEN","11:00","11:09","172"
"UA","12/22/2022","0574","N806UA","SAT","18:32","19:55","202"
"UA","12/22/2022","0583","N68823","IAH","05:15","05:10","204"
"UA","12/22/2022","0605","N806UA","PDX","07:34","07:34","101"
"UA","12/22/2022","0611","N77296","SBA","10:50","10:43","74"
"UA","12/22/2022","0683","","EUG","19:00","00:00","0"
"UA","12/22/2022","0693","N806UA","ABQ","11:13","13:01","127"
"UA","12/22/2022","0729","N68823","ORD","16:44","16:37","269"
"UA","12/22/2022","0753","N61881","ATL","10:45","10:53","279"
"UA","12/22/2022","0762","N37456","IAH","11:02","11:05","216"
"UA","12/22/2022","0793","N66897","ORD","08:30","08:57","277"
"UA","12/22/2022","1041","N37541","SAN","08:25","08:24","86"
"UA","12/22/2022","1049","N836UA","RNO","18:47","19:29","58"
"UA","12/22/2022","1082","N27503","LAX","16:10","16:08","85"
"UA","12/22/2022","1111","N76523","LIH","08:33","08:30","357"
"UA","12/22/2022","1115","N69816","DEN","14:28","15:35","171"
"UA","12/22/2022","1124","N472UA","MCI","18:35","18:34","205"
"UA","12/22/2022","1167","N836UA","MSP","08:35","08:32","219"
"UA","12/22/2022","1175","N2644U","HNL","09:15","09:19","326"
"UA","12/22/2022","1200","N37470","LAX","18:45","18:48","88"
"UA","12/22/2022","1204","N473UA","PIT","22:18","22:12","277"
"UA","12/22/2022","1216","N63890","DEN","18:45","18:54","237"
"UA","12/22/2022","1248","N69829","ORD","06:30","06:30","255"
"UA","12/22/2022","1273","N77536","OGG","11:13","11:56","325"
"UA","12/22/2022","1411","N57016","EWR","07:00","07:10","295"
"UA","12/22/2022","1428","N13110","EWR","14:30","22:44","312"
"UA","12/22/2022","1435","N37468","IAH","14:44","14:41","211"
"UA","12/22/2022","1442","N2140U","EWR","08:30","08:28","305"
"UA","12/22/2022","1509","N781UA","HNL","16:40","19:59","328"
"UA","12/22/2022","1513","N14242","SNA","10:57","10:59","94"
"UA","12/22/2022","1559","N45440","PDX","19:10","19:12","101"
"UA","12/22/2022","1594","N822UA","SNA","16:42","16:35","89"
"UA","12/22/2022","1620","","OMA","18:36","00:00","0"
"UA","12/22/2022","1665","N19136","BOS","23:30","23:31","334"
"UA","12/22/2022","1684","N76533","LIH","18:50","18:46","365"
"UA","12/22/2022","1721","N777UA","KOA","09:05","14:16","313"
"UA","12/22/2022","1723","N219UA","KOA","16:45","16:42","324"
"UA","12/22/2022","1745","N61887","IAH","13:06","13:20","238"
"UA","12/22/2022","1749","N214UA","OGG","16:59","17:08","314"
"UA","12/22/2022","1761","N67845","IAD","23:23","23:44","289"
"UA","12/22/2022","1770","N880UA","CMH","22:35","22:29","471"
"UA","12/22/2022","1788","N803UA","PSP","13:17","16:05","88"
"UA","12/22/2022","1823","N455UA","DEN","16:08","19:30","218"
"UA","12/22/2022","1825","N47517","DFW","13:25","13:23","192"
"UA","12/22/2022","1826","N768UA","DEN","08:40","08:39","214"
"UA","12/22/2022","1852","N773UA","OGG","09:05","09:02","312"
"UA","12/22/2022","1893","N77430","IND","22:59","22:58","257"
"UA","12/22/2022","1914","N773UA","ORD","22:55","23:15","237"
"UA","12/22/2022","1927","","ORD","05:15","00:00","0"
"UA","12/22/2022","1942","N455UA","PDX","10:45","10:44","145"
"UA","12/22/2022","1947","N27539","ORD","18:13","18:52","228"
"UA","12/22/2022","1950","N66828","IAH","18:52","18:51","208"
"UA","12/22/2022","1953","N38467","SEA","20:05","20:00","130"
"UA","12/22/2022","1954","N77539","DCA","08:47","08:41","303"
"UA","12/22/2022","1986","N76508","SEA","08:25","08:24","127"
"UA","12/22/2022","1997","N76533","AUS","08:43","08:39","199"
"UA","12/22/2022","2002","N26902","IAD","13:00","13:57","269"
"UA","12/22/2022","2005","","BZN","09:26","00:00","0"
"UA","12/22/2022","2011","N53442","IAH","00:29","00:30","205"
"UA","12/22/2022","2027","N879UA","PHX","10:32","10:39","122"
"UA","12/22/2022","2032","N2737U","IAD","08:30","08:33","293"
"UA","12/22/2022","2034","N26208","LAX","22:35","22:54","90"
"UA","12/22/2022","2037","N34137","TPA","09:10","09:04","295"
"UA","12/22/2022","2041","N37514","SAN","12:58","12:58","83"
"UA","12/22/2022","2047","N492UA","SNA","18:53","18:55","90"
"UA","12/22/2022","2059","N14001","EWR","22:40","22:47","304"
"UA","12/22/2022","2097","N228UA","EWR","21:00","21:11","305"
"UA","12/22/2022","2102","N37523","TPA","22:50","23:33","279"
"UA","12/22/2022","2169","N423UA","PHX","19:10","19:09","101"
"UA","12/22/2022","2187","N19136","BOS","08:25","08:23","328"
"UA","12/22/2022","2247","N34137","IAD","22:35","22:47","294"
"UA","12/22/2022","2296","N34460","IAH","07:47","07:38","222"
"UA","12/22/2022","2319","N17133","EWR","10:45","11:32","322"
"UA","12/22/2022","2327","N73270","AUS","23:59","00:12","188"
"UA","12/22/2022","2329","N62889","LAS","08:47","08:52","82"
"UA","12/22/2022","2337","N27511","BOS","12:55","13:04","323"
"UA","12/22/2022","2341","N21108","BOS","10:45","11:00","349"
"UA","12/22/2022","2356","N406UA","AUS","16:35","18:16","186"
"UA","12/22/2022","2366","N66893","LAS","22:35","23:55","87"
"UA","12/22/2022","2368","N76532","DEN","12:55","12:51","145"
"UA","12/22/2022","2377","N37507","DEN","06:34","06:27","200"
"UA","12/22/2022","2380","N27015","HNL","10:55","11:00","341"
"UA","12/22/2022","2384","N38257","CLE","23:01","22:58","276"
"UA","12/22/2022","2396","N37528","BNA","11:06","11:14","257"
"UA","12/22/2022","2412","N804UA","DFW","10:30","10:37","205"
"UA","12/22/2022","2419","N788UA","EWR","12:00","12:33","299"
"UA","12/22/2022","2423","N2737U","EWR","23:50","23:58","336"
"UA","12/22/2022","2426","N77865","DEN","05:00","04:58","148"
"UA","12/22/2022","2447","","EUG","10:40","00:00","0"
"UA","12/22/2022","2451","N38467","IAH","09:08","09:08","218"
"UA","12/22/2022","2458","N38257","LAS","16:50","17:57","91"
"UA","12/22/2022","2464","N69888","LAX","10:35","10:34","76"
"UA","12/22/2022","2481","N26208","LAX","13:30","13:37","74"
"UA","12/22/2022","2482","N37507","FLL","22:53","23:42","373"
"UA","12/22/2022","2484","N226UA","MCO","09:00","11:13","281"
"UA","12/22/2022","2600","N37523","MIA","08:37","08:34","318"
"UA","12/22/2022","2602","N879UA","PDX","16:55","16:56","103"
"UA","12/22/2022","2612","N37540","SEA","12:43","12:59","122"
"UA","12/22/2022","2617","N494UA","LAX","08:25","08:27","83"
"UA","12/22/2022","2626","N37513","IAD","16:52","16:50","275"
"UA","12/22/2022","2628","N831UA","PSP","08:35","08:42","92"
"UA","12/22/2022","2630","N14242","PHL","23:04","23:04","307"
"UA","12/22/2022","2640","N75854","ORD","10:36","15:28","271"
"UA","12/22/2022","2641","N73259","SAN","18:45","18:41","87"
"UA","12/22/2022","2644","N77430","RDU","09:10","09:07","294"
"UA","12/22/2022","2655","N37537","MSY","10:35","10:35","234"
"UA","12/22/2022","2656","","SAN","22:35","00:00","0"
"UA","12/22/2022","2678","N73259","LAS","13:09","13:11","87"
"UA","12/22/2022","2680","N472UA","SNA","13:25","13:41","79"
"UA","12/22/2022","2682","N854UA","BUR","10:45","10:46","75"
"UA","12/23/2022","0190","N27511","HNL","18:55","18:56","340"
"UA","12/23/2022","0221","N47517","MCO","23:08","23:04","309"
"UA","12/23/2022","0300","N776UA","HNL","13:10","13:43","334"
"UA","12/23/2022","0372","N77530","PHX","16:35","16:31","113"
"UA","12/23/2022","0436","N37535","BWI","22:59","00:01","305"
"UA","12/23/2022","0447","","SEA","16:14","00:00","0"
"UA","12/23/2022","0451","N69818","ORD","14:00","18:09","244"
"UA","12/23/2022","0476","","ORD","23:55","00:00","0"
"UA","12/23/2022","0487","N37513","IAD","10:50","10:50","280"
"UA","12/23/2022","0505","N219UA","IAH","23:55","01:12","212"
"UA","12/23/2022","0568","","DEN","11:00","00:00","0"
"UA","12/23/2022","0574","N896UA","SAT","18:32","18:30","195"
"UA","12/23/2022","0583","N37434","IAH","05:15","05:19","213"
"UA","12/23/2022","0605","","PDX","07:34","00:00","0"
"UA","12/23/2022","0611","N14242","SBA","10:50","12:21","63"
"UA","12/23/2022","0683","N403UA","EUG","19:00","21:06","101"
"UA","12/23/2022","0693","N806UA","ABQ","11:13","11:38","126"
"UA","12/23/2022","0729","N69840","ORD","16:44","17:10","265"
"UA","12/23/2022","0733","N39415","DEN","20:24","20:29","147"
"UA","12/23/2022","0753","N61887","ATL","10:45","11:05","268"
"UA","12/23/2022","0762","N27515","IAH","11:02","16:51","209"
"UA","12/23/2022","0793","N37427","ORD","08:30","08:33","280"
"UA","12/23/2022","1041","N69818","SAN","08:25","08:28","96"
"UA","12/23/2022","1049","N806UA","RNO","18:47","20:56","57"
"UA","12/23/2022","1082","N39475","LAX","16:10","16:23","76"
"UA","12/23/2022","1111","N76533","LIH","08:33","08:42","352"
"UA","12/23/2022","1115","N37527","DEN","14:28","14:39","153"
"UA","12/23/2022","1124","","MCI","18:35","00:00","0"
"UA","12/23/2022","1167","N4888U","MSP","08:35","08:37","225"
"UA","12/23/2022","1175","N2251U","HNL","09:15","09:27","344"
"UA","12/23/2022","1200","N76505","LAX","18:50","18:49","83"
"UA","12/23/2022","1204","N478UA","PIT","22:18","22:17","287"
"UA","12/23/2022","1216","","DEN","18:45","00:00","0"
"UA","12/23/2022","1248","","ORD","06:30","00:00","0"
"UA","12/23/2022","1257","N824UA","SMF","22:47","22:43","48"
"UA","12/23/2022","1273","","OGG","11:13","00:00","0"
"UA","12/23/2022","1411","N27015","EWR","07:00","08:09","337"
"UA","12/23/2022","1428","","EWR","14:30","00:00","0"
"UA","12/23/2022","1435","N68811","IAH","14:44","16:58","204"
"UA","12/23/2022","1442","N2639U","EWR","08:30","08:27","307"
"UA","12/23/2022","1509","N775UA","HNL","16:40","16:40","338"
"UA","12/23/2022","1513","N14250","SNA","10:57","10:53","82"
"UA","12/23/2022","1559","","PDX","19:10","00:00","0"
"UA","12/23/2022","1594","N824UA","SNA","16:42","17:44","76"
"UA","12/23/2022","1620","N4888U","OMA","18:36","18:36","195"
"UA","12/23/2022","1665","","BOS","22:35","00:00","0"
"UA","12/23/2022","1684","N77539","LIH","18:50","19:28","346"
"UA","12/23/2022","1721","N219UA","KOA","09:05","09:13","326"
"UA","12/23/2022","1723","N210UA","KOA","16:45","22:17","312"
"UA","12/23/2022","1745","N57439","IAH","13:06","13:24","210"
"UA","12/23/2022","1749","N778UA","OGG","16:59","20:10","307"
"UA","12/23/2022","1761","","IAD","23:23","00:00","0"
"UA","12/23/2022","1770","","CMH","22:50","00:00","0"
"UA","12/23/2022","1788","N896UA","PSP","13:17","13:09","81"
"UA","12/23/2022","1823","N492UA","DEN","16:08","17:27","150"
"UA","12/23/2022","1825","N47517","DFW","13:25","13:24","193"
"UA","12/23/2022","1826","N777UA","DEN","08:40","09:15","141"
"UA","12/23/2022","1852","N214UA","OGG","09:05","09:32","304"
"UA","12/23/2022","1893","","IND","22:40","00:00","0"
"UA","12/23/2022","1914","N214UA","ORD","22:55","01:02","240"
"UA","12/23/2022","1927","N62889","ORD","05:15","05:10","245"
"UA","12/23/2022","1942","","PDX","10:40","00:00","0"
"UA","12/23/2022","1947","N27539","ORD","18:13","18:31","252"
"UA","12/23/2022","1950","N38424","IAH","18:52","18:55","215"
"UA","12/23/2022","1953","","SEA","20:05","00:00","0"
"UA","12/23/2022","1954","N86534","DCA","08:25","11:38","288"
"UA","12/23/2022","1986","N77530","SEA","08:25","08:56","0"
"UA","12/23/2022","1997","N77539","AUS","08:43","08:43","199"
"UA","12/23/2022","2002","N28912","IAD","13:00","13:02","272"
"UA","12/23/2022","2005","N492UA","BZN","09:26","09:25","126"
"UA","12/23/2022","2011","N61887","IAH","00:29","00:26","206"
"UA","12/23/2022","2027","N833UA","PHX","10:32","12:07","108"
"UA","12/23/2022","2032","N2846U","IAD","08:30","09:02","280"
"UA","12/23/2022","2034","","LAX","22:35","00:00","0"
"UA","12/23/2022","2035","N37507","RSW","13:15","14:05","286"
"UA","12/23/2022","2037","N17126","TPA","09:10","09:08","287"
"UA","12/23/2022","2041","N27511","SAN","12:58","12:52","89"
"UA","12/23/2022","2047","N495UA","SNA","18:53","19:04","96"
"UA","12/23/2022","2059","N13013","EWR","22:40","22:42","335"
"UA","12/23/2022","2097","N787UA","EWR","21:00","21:59","310"
"UA","12/23/2022","2102","","TPA","22:50","00:00","0"
"UA","12/23/2022","2169","N37471","PHX","19:10","19:11","115"
"UA","12/23/2022","2187","","BOS","08:25","00:00","0"
"UA","12/23/2022","2247","","IAD","22:35","00:00","0"
"UA","12/23/2022","2296","N38424","IAH","07:47","07:51","212"
"UA","12/23/2022","2319","N17105","EWR","10:45","10:49","399"
"UA","12/23/2022","2327","N33289","AUS","23:59","00:34","198"
"UA","12/23/2022","2329","N66893","LAS","08:47","08:51","87"
"UA","12/23/2022","2337","N19136","BOS","12:55","14:55","311"
"UA","12/23/2022","2341","N2747U","BOS","10:45","10:48","357"
"UA","12/23/2022","2356","N413UA","AUS","16:35","16:38","193"
"UA","12/23/2022","2366","N473UA","LAS","22:46","23:02","89"
"UA","12/23/2022","2368","N39416","DEN","12:55","17:50","164"
"UA","12/23/2022","2377","","DEN","06:34","00:00","0"
"UA","12/23/2022","2380","N78004","HNL","10:55","13:49","319"
"UA","12/23/2022","2384","","CLE","23:01","00:00","0"
"UA","12/23/2022","2396","","BNA","11:06","00:00","0"
"UA","12/23/2022","2412","N875UA","DFW","10:30","11:25","201"
"UA","12/23/2022","2419","N792UA","EWR","12:00","11:57","333"
"UA","12/23/2022","2423","N2846U","EWR","23:50","00:25","322"
"UA","12/23/2022","2426","N77865","DEN","05:00","08:57","166"
"UA","12/23/2022","2447","N824UA","EUG","10:40","12:25","89"
"UA","12/23/2022","2451","N37514","IAH","09:08","09:22","219"
"UA","12/23/2022","2458","N14250","LAS","16:50","16:55","83"
"UA","12/23/2022","2464","N77430","LAX","10:35","10:52","80"
"UA","12/23/2022","2481","N76505","LAX","13:30","13:38","78"
"UA","12/23/2022","2482","","FLL","22:40","00:00","0"
"UA","12/23/2022","2484","N226UA","MCO","09:00","10:23","276"
"UA","12/23/2022","2600","N37528","MIA","08:25","12:18","314"
"UA","12/23/2022","2602","","PDX","16:55","00:00","0"
"UA","12/23/2022","2612","","SEA","12:43","00:00","0"
"UA","12/23/2022","2617","N414UA","LAX","08:25","08:46","81"
"UA","12/23/2022","2626","","IAD","16:52","00:00","0"
"UA","12/23/2022","2628","N836UA","PSP","08:35","08:31","76"
"UA","12/23/2022","2630","","PHL","23:04","00:00","0"
"UA","12/23/2022","2640","N77867","ORD","10:36","11:04","253"
"UA","12/23/2022","2641","N73270","SAN","18:45","19:50","94"
"UA","12/23/2022","2644","N27477","RDU","09:10","10:25","274"
"UA","12/23/2022","2655","N37516","MSY","10:35","10:37","229"
"UA","12/23/2022","2656","","SAN","22:35","00:00","0"
"UA","12/23/2022","2678","N73270","LAS","13:09","14:49","84"
"UA","12/23/2022","2680","N438UA","SNA","13:25","17:52","77"
"UA","12/23/2022","2682","N822UA","BUR","10:45","10:43","83"
"UA","12/24/2022","0221","","MCO","23:08","00:00","0"
"UA","12/24/2022","0300","N773UA","HNL","13:10","13:20","337"
"UA","12/24/2022","0353","","RNO","22:35","00:00","0"
"UA","12/24/2022","0372","N462UA","PHX","16:40","23:08","113"
"UA","12/24/2022","0436","","BWI","23:07","00:00","0"
"UA","12/24/2022","0447","N77543","SEA","16:35","16:59","121"
"UA","12/24/2022","0451","N62883","ORD","14:10","15:02","256"
"UA","12/24/2022","0476","N781UA","ORD","23:55","02:11","249"
"UA","12/24/2022","0487","N27515","IAD","10:50","10:55","291"
"UA","12/24/2022","0505","N768UA","IAH","23:55","00:44","200"
"UA","12/24/2022","0517","N841UA","JAC","13:00","16:30","111"
"UA","12/24/2022","0568","N478UA","DEN","11:20","11:43","146"
"UA","12/24/2022","0583","N17126","IAH","05:15","05:17","215"
"UA","12/24/2022","0611","N33289","SBA","10:35","10:32","62"
"UA","12/24/2022","0693","N77530","ABQ","11:20","11:26","130"
"UA","12/24/2022","0694","N17529","KOA","10:35","11:32","319"
"UA","12/24/2022","0733","N38473","DEN","20:24","20:24","139"
"UA","12/24/2022","0753","","ATL","10:50","00:00","0"
"UA","12/24/2022","0762","N69804","IAH","11:02","11:12","220"
"UA","12/24/2022","0793","","ORD","08:30","00:00","0"
"UA","12/24/2022","0912","N37514","HNL","07:00","06:58","351"
"UA","12/24/2022","1041","N898UA","SAN","08:25","08:30","84"
"UA","12/24/2022","1111","N77539","LIH","08:33","09:00","334"
"UA","12/24/2022","1115","","BUR","16:10","00:00","0"
"UA","12/24/2022","1167","N824UA","MSP","09:10","10:36","231"
"UA","12/24/2022","1175","N2748U","HNL","09:15","09:12","336"
"UA","12/24/2022","1179","N492UA","MCI","23:55","23:53","204"
"UA","12/24/2022","1186","N423UA","OMA","23:45","23:43","191"
"UA","12/24/2022","1200","N824UA","SAT","23:45","23:51","183"
"UA","12/24/2022","1204","N434UA","PIT","22:35","22:35","289"
"UA","12/24/2022","1248","","ORD","06:30","00:00","0"
"UA","12/24/2022","1273","N86534","OGG","11:20","11:51","341"
"UA","12/24/2022","1411","N78004","EWR","07:00","07:13","308"
"UA","12/24/2022","1428","N78003","EWR","14:20","16:44","323"
"UA","12/24/2022","1435","","IAH","14:44","00:00","0"
"UA","12/24/2022","1442","N2644U","EWR","08:30","08:30","317"
"UA","12/24/2022","1509","N774UA","HNL","16:40","18:15","397"
"UA","12/24/2022","1581","N68801","HNL","18:55","19:11","330"
"UA","12/24/2022","1594","N833UA","SNA","16:42","16:40","84"
"UA","12/24/2022","1684","","LIH","18:50","00:00","0"
"UA","12/24/2022","1721","N779UA","KOA","09:05","09:40","320"
"UA","12/24/2022","1723","","KOA","16:45","00:00","0"
"UA","12/24/2022","1745","N27477","IAH","12:55","14:56","218"
"UA","12/24/2022","1749","N772UA","OGG","16:59","18:40","330"
"UA","12/24/2022","1770","","CMH","22:40","00:00","0"
"UA","12/24/2022","1823","N62894","DEN","16:10","17:24","146"
"UA","12/24/2022","1825","N27509","DFW","13:25","13:25","210"
"UA","12/24/2022","1826","N778UA","DEN","08:40","08:56","148"
"UA","12/24/2022","1852","N2332U","OGG","09:05","11:46","312"
"UA","12/24/2022","1893","N37456","IND","22:59","23:17","252"
"UA","12/24/2022","1914","N779UA","ORD","22:55","00:48","235"
"UA","12/24/2022","1927","N68453","ORD","05:15","05:08","246"
"UA","12/24/2022","1942","N67501","PDX","10:45","14:24","123"
"UA","12/24/2022","1947","N37537","ORD","18:13","19:14","240"
"UA","12/24/2022","1954","N76523","DCA","08:47","08:39","290"
"UA","12/24/2022","1986","N35204","SEA","08:25","08:45","124"
"UA","12/24/2022","1997","","AUS","10:35","00:00","0"
"UA","12/24/2022","2002","N30913","IAD","13:00","13:35","283"
"UA","12/24/2022","2005","","BZN","09:10","00:00","0"
"UA","12/24/2022","2011","N57439","IAH","00:29","02:07","217"
"UA","12/24/2022","2027","N4888U","PHX","10:32","11:26","108"
"UA","12/24/2022","2032","N2136U","IAD","08:30","08:42","280"
"UA","12/24/2022","2037","N58101","TPA","09:10","09:10","293"
"UA","12/24/2022","2059","N13018","EWR","22:40","22:55","306"
"UA","12/24/2022","2097","N2747U","EWR","21:00","00:05","310"
"UA","12/24/2022","2102","","TPA","22:50","00:00","0"
"UA","12/24/2022","2187","N27511","BOS","08:25","08:23","326"
"UA","12/24/2022","2247","N58101","IAD","22:35","22:56","296"
"UA","12/24/2022","2296","N37528","IAH","07:47","07:46","212"
"UA","12/24/2022","2319","","EWR","10:45","00:00","0"
"UA","12/24/2022","2327","N79521","AUS","23:59","00:01","194"
"UA","12/24/2022","2329","N62892","LAS","08:47","08:44","84"
"UA","12/24/2022","2337","N75853","BOS","12:55","14:33","329"
"UA","12/24/2022","2341","N57855","BOS","10:45","11:00","325"
"UA","12/24/2022","2366","N458UA","LAS","22:35","22:29","95"
"UA","12/24/2022","2368","N47517","DEN","12:55","13:08","142"
"UA","12/24/2022","2377","N68452","DEN","06:34","06:44","154"
"UA","12/24/2022","2380","N77014","HNL","10:55","10:56","349"
"UA","12/24/2022","2384","N77536","CLE","23:01","22:54","267"
"UA","12/24/2022","2396","N432UA","BNA","10:35","11:27","250"
"UA","12/24/2022","2412","N818UA","DFW","10:30","10:31","200"
"UA","12/24/2022","2419","N204UA","EWR","12:00","11:58","357"
"UA","12/24/2022","2426","","DEN","05:00","00:00","0"
"UA","12/24/2022","2447","N849UA","EUG","10:41","11:16","87"
"UA","12/24/2022","2451","N78448","IAH","09:08","09:03","217"
"UA","12/24/2022","2458","N39416","LAS","17:35","17:31","84"
"UA","12/24/2022","2464","N61887","LAX","10:35","14:13","75"
"UA","12/24/2022","2481","N37522","LAX","13:25","13:39","76"
"UA","12/24/2022","2482","N37514","FLL","22:53","00:01","313"
"UA","12/24/2022","2484","N2747U","MCO","09:00","09:39","305"
"UA","12/24/2022","2600","N38451","MIA","08:37","11:46","315"
"UA","12/24/2022","2602","N4888U","PDX","16:55","17:02","112"
"UA","12/24/2022","2612","N37535","SEA","12:43","13:12","132"
"UA","12/24/2022","2617","N495UA","LAX","09:30","10:11","80"
"UA","12/24/2022","2626","N17126","IAD","16:52","17:08","285"
"UA","12/24/2022","2628","N806UA","PSP","08:35","10:20","75"
"UA","12/24/2022","2630","N77530","PHL","23:04","22:59","305"
"UA","12/24/2022","2640","N77865","ORD","10:36","10:41","258"
"UA","12/24/2022","2644","N69819","RDU","09:35","09:31","288"
"UA","12/24/2022","2655","N438UA","MSY","08:43","08:41","239"
"UA","12/24/2022","2656","N833UA","SAN","22:35","23:02","87"
"UA","12/24/2022","2680","N898UA","SNA","13:40","13:37","77"
"UA","12/24/2022","2682","N896UA","BUR","10:45","10:42","67"

 SOURCE: Bureau of Transportation Statistics
